<?xml version="1.0" encoding="utf-8"?>
<!--/1035746/1178739/2.50/8/2/Integrated Circuit/-->
<quadcept_library>
  <setting unit="mil" />
  <textstyle name="Default" height="47.244094488189" strokewidth="7.8740157480315" charwidth="47.244094488189" />
  <textstyle name="Dimension" height="19.6850393700787" strokewidth="0" charwidth="19.6850393700787" />
  <textstyle name="H127W0635TH00762" height="50" strokewidth="3" charwidth="25" />
  <textstyle name="H15W15TH02" height="59.0551181102362" strokewidth="7.8740157480315" charwidth="59.0551181102362" />
  <padstyle name="r210_150" surface="True" plated="False" isvia="False" nopaste="False" nomask="True" complex="False" holesize="0">
    <padshape layer="TOP" shape="rectangle" width="59.055118110235" height="82.67716535433" />
    <padshape layer="TOP_SOLDER_MASK" shape="rectangle" width="66.929133858267" height="90.551181102361" />
    <padshape layer="TOP_SOLDER_PASTE" shape="rectangle" width="59.055118110235" height="82.67716535433" />
  </padstyle>
  <footprint name="SOP254P1016X385-8N" originx="0" originy="0" pickpointx="0" pickpointy="0">
    <pcbpin number="1" name="1" style="r210_150" originx="-179.13385826771" originy="150" rotation="90" />
    <pcbpin number="2" name="2" style="r210_150" originx="-179.13385826771" originy="49.999999999999" rotation="90" />
    <pcbpin number="3" name="3" style="r210_150" originx="-179.13385826771" originy="-49.999999999999" rotation="90" />
    <pcbpin number="4" name="4" style="r210_150" originx="-179.13385826771" originy="-150" rotation="90" />
    <pcbpin number="5" name="5" style="r210_150" originx="179.13385826771" originy="-150" rotation="90" />
    <pcbpin number="6" name="6" style="r210_150" originx="179.13385826771" originy="-49.999999999999" rotation="90" />
    <pcbpin number="7" name="7" style="r210_150" originx="179.13385826771" originy="49.999999999999" rotation="90" />
    <pcbpin number="8" name="8" style="r210_150" originx="179.13385826771" originy="150" rotation="90" />
    <line layer="TOP_PLACE_BOUND" originx="-230.31496062992" originy="210.23622047244" endx="230.31496062992" endy="210.23622047244" width="1.9685039370079" />
    <line layer="TOP_PLACE_BOUND" originx="230.31496062992" originy="210.23622047244" endx="230.31496062992" endy="-210.23622047244" width="1.9685039370079" />
    <line layer="TOP_PLACE_BOUND" originx="230.31496062992" originy="-210.23622047244" endx="-230.31496062992" endy="-210.23622047244" width="1.9685039370079" />
    <line layer="TOP_PLACE_BOUND" originx="-230.31496062992" originy="-210.23622047244" endx="-230.31496062992" endy="210.23622047244" width="1.9685039370079" />
    <line layer="TOP_ASSEMBLY" originx="-127.95275590551" originy="190.55118110236" endx="127.95275590551" endy="190.55118110236" width="3.9370078740157" />
    <line layer="TOP_ASSEMBLY" originx="127.95275590551" originy="190.55118110236" endx="127.95275590551" endy="-190.55118110236" width="3.9370078740157" />
    <line layer="TOP_ASSEMBLY" originx="127.95275590551" originy="-190.55118110236" endx="-127.95275590551" endy="-190.55118110236" width="3.9370078740157" />
    <line layer="TOP_ASSEMBLY" originx="-127.95275590551" originy="-190.55118110236" endx="-127.95275590551" endy="190.55118110236" width="3.9370078740157" />
    <line layer="TOP_ASSEMBLY" originx="-127.95275590551" originy="90.551181102361" endx="-27.952755905511" endy="190.55118110236" width="3.9370078740157" />
    <line layer="TOP_SILKSCREEN" originx="-124.01574803149" originy="190.55118110236" endx="124.01574803149" endy="190.55118110236" width="7.8740157480314" />
    <line layer="TOP_SILKSCREEN" originx="124.01574803149" originy="190.55118110236" endx="124.01574803149" endy="-190.55118110236" width="7.8740157480314" />
    <line layer="TOP_SILKSCREEN" originx="124.01574803149" originy="-190.55118110236" endx="-124.01574803149" endy="-190.55118110236" width="7.8740157480314" />
    <line layer="TOP_SILKSCREEN" originx="-124.01574803149" originy="-190.55118110236" endx="-124.01574803149" endy="190.55118110236" width="7.8740157480314" />
    <line layer="TOP_SILKSCREEN" originx="-220.47244094488" originy="193.30708661417" endx="-137.79527559055" endy="193.30708661417" width="7.8740157480314" />
  </footprint>
  <symbol name="MCT6SD" originx="0" originy="0">
    <line originx="200" originy="100" endx="1500" endy="100" width="0" />
    <line originx="1500" originy="-400" endx="1500" endy="100" width="0" />
    <line originx="1500" originy="-400" endx="200" endy="-400" width="0" />
    <line originx="200" originy="100" endx="200" endy="-400" width="0" />
    <sympin number="1" originx="200" originy="0" rotation="180" length="100" width="7.8740157480315" flipped="False">
      <text name="pinname" originx="230" originy="0" style="Default" rotation="0" justify="left" flipped="False" hidden="False" data="ANODE_1" />
      <text name="pindes" originx="140" originy="20" style="Default" rotation="0" justify="lowerright" flipped="False" hidden="False" data="1" />
    </sympin>
    <sympin number="2" originx="200" originy="-100" rotation="180" length="100" width="7.8740157480315" flipped="False">
      <text name="pinname" originx="230" originy="-100" style="Default" rotation="0" justify="left" flipped="False" hidden="False" data="CATHODE_1" />
      <text name="pindes" originx="140" originy="-80" style="Default" rotation="0" justify="lowerright" flipped="False" hidden="False" data="2" />
    </sympin>
    <sympin number="3" originx="200" originy="-200" rotation="180" length="100" width="7.8740157480315" flipped="False">
      <text name="pinname" originx="230" originy="-200" style="Default" rotation="0" justify="left" flipped="False" hidden="False" data="CATHODE_2" />
      <text name="pindes" originx="140" originy="-180" style="Default" rotation="0" justify="lowerright" flipped="False" hidden="False" data="3" />
    </sympin>
    <sympin number="4" originx="200" originy="-300" rotation="180" length="100" width="7.8740157480315" flipped="False">
      <text name="pinname" originx="230" originy="-300" style="Default" rotation="0" justify="left" flipped="False" hidden="False" data="ANODE_2" />
      <text name="pindes" originx="140" originy="-280" style="Default" rotation="0" justify="lowerright" flipped="False" hidden="False" data="4" />
    </sympin>
    <sympin number="8" originx="1500" originy="0" rotation="0" length="100" width="7.8740157480315" flipped="False">
      <text name="pinname" originx="1470" originy="0" style="Default" rotation="0" justify="right" flipped="False" hidden="False" data="EMITTER_2" />
      <text name="pindes" originx="1560" originy="20" style="Default" rotation="0" justify="lowerleft" flipped="False" hidden="False" data="8" />
    </sympin>
    <sympin number="7" originx="1500" originy="-100" rotation="0" length="100" width="7.8740157480315" flipped="False">
      <text name="pinname" originx="1470" originy="-100" style="Default" rotation="0" justify="right" flipped="False" hidden="False" data="COLLECTOR_2" />
      <text name="pindes" originx="1560" originy="-80" style="Default" rotation="0" justify="lowerleft" flipped="False" hidden="False" data="7" />
    </sympin>
    <sympin number="6" originx="1500" originy="-200" rotation="0" length="100" width="7.8740157480315" flipped="False">
      <text name="pinname" originx="1470" originy="-200" style="Default" rotation="0" justify="right" flipped="False" hidden="False" data="COLLECTOR_1" />
      <text name="pindes" originx="1560" originy="-180" style="Default" rotation="0" justify="lowerleft" flipped="False" hidden="False" data="6" />
    </sympin>
    <sympin number="5" originx="1500" originy="-300" rotation="0" length="100" width="7.8740157480315" flipped="False">
      <text name="pinname" originx="1470" originy="-300" style="Default" rotation="0" justify="right" flipped="False" hidden="False" data="EMITTER_1" />
      <text name="pindes" originx="1560" originy="-280" style="Default" rotation="0" justify="lowerleft" flipped="False" hidden="False" data="5" />
    </sympin>
  </symbol>
  <component name="MCT6SD" designatorprefix="IC" height="151.5748031496" footprint="SOP254P1016X385-8N">
    <comppin designator="1" sympin="1" pinswap="0" gateswap="0" gate="1" group="1" side="" type="Any" name="ANODE_1" />
    <comppin designator="2" sympin="2" pinswap="0" gateswap="0" gate="1" group="1" side="" type="Any" name="CATHODE_1" />
    <comppin designator="3" sympin="3" pinswap="0" gateswap="0" gate="1" group="1" side="" type="Any" name="CATHODE_2" />
    <comppin designator="4" sympin="4" pinswap="0" gateswap="0" gate="1" group="1" side="" type="Any" name="ANODE_2" />
    <comppin designator="5" sympin="5" pinswap="0" gateswap="0" gate="1" group="1" side="" type="Any" name="EMITTER_1" />
    <comppin designator="6" sympin="6" pinswap="0" gateswap="0" gate="1" group="1" side="" type="Any" name="COLLECTOR_1" />
    <comppin designator="7" sympin="7" pinswap="0" gateswap="0" gate="1" group="1" side="" type="Any" name="COLLECTOR_2" />
    <comppin designator="8" sympin="8" pinswap="0" gateswap="0" gate="1" group="1" side="" type="Any" name="EMITTER_2" />
    <attached_symbol gate="1" name="MCT6SD" />
    <pinmap designator="1" footprintpin="1" />
    <pinmap designator="2" footprintpin="2" />
    <pinmap designator="3" footprintpin="3" />
    <pinmap designator="4" footprintpin="4" />
    <pinmap designator="5" footprintpin="5" />
    <pinmap designator="6" footprintpin="6" />
    <pinmap designator="7" footprintpin="7" />
    <pinmap designator="8" footprintpin="8" />
    <text name="Datasheet" originx="0" originy="0" style="Default" rotation="0" justify="" flipped="False" hidden="True" data="https://www.onsemi.com/pub/Collateral/MCT62-D.pdf" />
    <text name="Description" originx="0" originy="0" style="Default" rotation="0" justify="" flipped="False" hidden="True" data="Choice of 3 current transfer ratios; Two isolated channels per package; VDE approved for IEC60747-5-2; Two packages fit into a 16 lead DIP socket; Underwriters Laboratory (U.L.) recognized File E90700" />
    <text name="Mouser Part Number" originx="0" originy="0" style="Default" rotation="0" justify="" flipped="False" hidden="True" data="512-MCT6SD" />
    <text name="Mouser Price/Stock" originx="0" originy="0" style="Default" rotation="0" justify="" flipped="False" hidden="True" data="https://www.mouser.co.uk/ProductDetail/onsemi-Fairchild/MCT6SD?qs=RjNHq7A%252BoByx0biQVmQP5w%3D%3D" />
    <text name="Manufacturer_Name" originx="0" originy="0" style="Default" rotation="0" justify="" flipped="False" hidden="True" data="onsemi" />
    <text name="Manufacturer_Part_Number" originx="1550" originy="200" style="Default" rotation="0" justify="left" flipped="False" hidden="False" data="MCT6SD" />
  </component>
</quadcept_library>
