<?xml version="1.0" encoding="utf-8"?>
<!--/15902084/1178739/2.50/2/2/Capacitor Polarised/-->
<quadcept_library>
  <setting unit="mil" />
  <textstyle name="Default" height="47.244094488189" strokewidth="7.8740157480315" charwidth="47.244094488189" />
  <textstyle name="Dimension" height="19.6850393700787" strokewidth="0" charwidth="19.6850393700787" />
  <textstyle name="H127W0635TH00762" height="50" strokewidth="3" charwidth="25" />
  <textstyle name="H15W15TH02" height="59.0551181102362" strokewidth="7.8740157480315" charwidth="59.0551181102362" />
  <padstyle name="r385_215" surface="True" plated="False" isvia="False" nopaste="False" nomask="True" complex="False" holesize="0">
    <padshape layer="TOP" shape="rectangle" width="84.645669291338" height="151.5748031496" />
    <padshape layer="TOP_SOLDER_MASK" shape="rectangle" width="92.519685039369" height="159.44881889764" />
    <padshape layer="TOP_SOLDER_PASTE" shape="rectangle" width="84.645669291338" height="151.5748031496" />
  </padstyle>
  <footprint name="CAPAE830X730N" originx="0" originy="0" pickpointx="0" pickpointy="0">
    <pcbpin number="1" name="1" style="r385_215" originx="-133.85826771653" originy="0" rotation="90" />
    <pcbpin number="2" name="2" style="r385_215" originx="133.85826771653" originy="0" rotation="90" />
    <line layer="TOP_PLACE_BOUND" originx="-229.33070866141" originy="187.00787401575" endx="229.33070866141" endy="187.00787401575" width="1.9685039370079" />
    <line layer="TOP_PLACE_BOUND" originx="229.33070866141" originy="187.00787401575" endx="229.33070866141" endy="-187.00787401575" width="1.9685039370079" />
    <line layer="TOP_PLACE_BOUND" originx="229.33070866141" originy="-187.00787401575" endx="-229.33070866141" endy="-187.00787401575" width="1.9685039370079" />
    <line layer="TOP_PLACE_BOUND" originx="-229.33070866141" originy="-187.00787401575" endx="-229.33070866141" endy="187.00787401575" width="1.9685039370079" />
    <line layer="TOP_ASSEMBLY" originx="163.38582677165" originy="163.38582677165" endx="-81.692913385826" endy="163.38582677165" width="3.9370078740157" />
    <line layer="TOP_ASSEMBLY" originx="-81.692913385826" originy="163.38582677165" endx="-163.38582677165" endy="81.692913385826" width="3.9370078740157" />
    <line layer="TOP_ASSEMBLY" originx="-163.38582677165" originy="81.692913385826" endx="-163.38582677165" endy="-81.692913385826" width="3.9370078740157" />
    <line layer="TOP_ASSEMBLY" originx="-163.38582677165" originy="-81.692913385826" endx="-81.692913385826" endy="-163.38582677165" width="3.9370078740157" />
    <line layer="TOP_ASSEMBLY" originx="-81.692913385826" originy="-163.38582677165" endx="163.38582677165" endy="-163.38582677165" width="3.9370078740157" />
    <line layer="TOP_ASSEMBLY" originx="163.38582677165" originy="-163.38582677165" endx="163.38582677165" endy="163.38582677165" width="3.9370078740157" />
    <line layer="TOP_SILKSCREEN" originx="-209.64566929134" originy="163.38582677165" endx="163.38582677165" endy="163.38582677165" width="7.8740157480314" />
    <line layer="TOP_SILKSCREEN" originx="-81.692913385826" originy="-163.38582677165" endx="163.38582677165" endy="-163.38582677165" width="7.8740157480314" />
  </footprint>
  <symbol name="A765KG106M1ELAE035" originx="0" originy="0">
    <line originx="200" originy="100" endx="200" endy="-100" width="0" />
    <line originx="230" originy="-100" endx="200" endy="-100" width="0" />
    <line originx="230" originy="-100" endx="230" endy="100" width="0" />
    <line originx="200" originy="100" endx="230" endy="100" width="0" />
    <line originx="180" originy="50" endx="140" endy="50" width="0" />
    <line originx="160" originy="70" endx="160" endy="30" width="0" />
    <line originx="100" originy="0" endx="200" endy="0" width="0" />
    <line originx="300" originy="0" endx="400" endy="0" width="0" />
    <sympin number="1" originx="100" originy="0" rotation="180" length="100" width="7.8740157480315" flipped="False">
      <text name="pinname" originx="0" originy="-10" style="Default" rotation="0" justify="upperleft" flipped="False" hidden="True" data="+" />
      <text name="pindes" originx="0" originy="10" style="Default" rotation="0" justify="lowerleft" flipped="False" hidden="False" data="1" />
    </sympin>
    <sympin number="2" originx="400" originy="0" rotation="0" length="100" width="7.8740157480315" flipped="False">
      <text name="pinname" originx="500" originy="-10" style="Default" rotation="0" justify="upperright" flipped="False" hidden="True" data="-" />
      <text name="pindes" originx="500" originy="10" style="Default" rotation="0" justify="lowerright" flipped="False" hidden="False" data="2" />
    </sympin>
    <polygon type="polygon">
      <point x="300" y="100" />
      <point x="300" y="-100" />
      <point x="270" y="-100" />
      <point x="270" y="100" />
    </polygon>
  </symbol>
  <component name="A765KG106M1ELAE035" designatorprefix="C" height="287.40157480315" footprint="CAPAE830X730N">
    <comppin designator="1" sympin="1" pinswap="0" gateswap="0" gate="1" group="1" side="" type="Any" name="+" />
    <comppin designator="2" sympin="2" pinswap="0" gateswap="0" gate="1" group="1" side="" type="Any" name="-" />
    <attached_symbol gate="1" name="A765KG106M1ELAE035" />
    <pinmap designator="1" footprintpin="1" />
    <pinmap designator="2" footprintpin="2" />
    <text name="Datasheet" originx="0" originy="0" style="Default" rotation="0" justify="" flipped="False" hidden="True" data="https://content.kemet.com/datasheets/KEM_A4070_A765.pdf" />
    <text name="Description" originx="0" originy="0" style="Default" rotation="0" justify="" flipped="False" hidden="True" data="A765, Aluminum, Polymer Aluminum, 10 uF, 20%, 25 VDC, -55/+105C, 105C, -55C, 105C, 2,000 Hrs, 35 mOhms, 125 uA, 8mm, 7mm" />
    <text name="Mouser Part Number" originx="0" originy="0" style="Default" rotation="0" justify="" flipped="False" hidden="True" data="80-A765KG106M1ELAE35" />
    <text name="Mouser Price/Stock" originx="0" originy="0" style="Default" rotation="0" justify="" flipped="False" hidden="True" data="https://www.mouser.co.uk/ProductDetail/KEMET/A765KG106M1ELAE035?qs=W%2FMpXkg%252BdQ53XAW4ytn24A%3D%3D" />
    <text name="Manufacturer_Name" originx="0" originy="0" style="Default" rotation="0" justify="" flipped="False" hidden="True" data="KEMET" />
    <text name="Manufacturer_Part_Number" originx="350" originy="150" style="Default" rotation="0" justify="left" flipped="False" hidden="False" data="A765KG106M1ELAE035" />
  </component>
</quadcept_library>
